id;name;email;birthday
1;cajole er machinery;Tamara_Luettgen@yahoo.com;2024-03-21
2;unwelcome upbeat libel;Sabrina96@hotmail.com;2024-03-21
3;civilisation um;Hiram_Thiel@yahoo.com;2024-03-21
4;aggravating;Brian23@yahoo.com;2024-03-21
5;misconstrue athwart ceiling;Sabrina.Cummerata@hotmail.com;2024-03-21
6;anti;Merl.Wunsch@gmail.com;2024-03-21
7;inasmuch;Lacey.Sauer@hotmail.com;2024-03-21
8;outside;Gussie_Fisher13@hotmail.com;2024-03-21
9;wherever inflame;Elisha.Price4@yahoo.com;2024-03-21
10;to employ;Lorna_Bailey22@gmail.com;2024-03-21
